{"dkd1p7tZMntFRzVjbuAKIQ==":"banner%20image-2000x1096.png","0OOE1Usrtktm437Z/qTMRQ==":"background2.jpg","CDUug9yKr3xs0YXqhD8KXg==":"vector%20smart%20object-1-221x221.png","N2RE32C5ySavxgNvQbH52Q==":"vector%20smart%20objectsfds-263x263.png","csRxnPjMIkDyRI8TNzVN3w==":"vector%20smart%20object-3-175x279.png","O3wMGp3RnuoTLKPD4QPuuw==":"banner%20image-2000x1062.png","/5TxP6rB5Xsj6wML99MSww==":"logo2.png","ihlkf69UyfSmhSyJ1Jvc6w==":"jumbotron.jpg","lk6f2Bo7TOb+I0yZUqTQSA==":"setup%20icon-240x241.png","/4jh47RSXRF4ySLyMpJdEg==":"patient%20casefiles-379x395.png","3GqLO43+laPDg4tFLPFrbw==":"appointments-422x422.png","PM4cRdTSODz8uDK7/4ngkA==":"1-300x356.png","6fIjNFidTu4d4RE/ekYdYg==":"2-1557x2131.png","SZak2eJkLw5DDgT1mWrB9w==":"3-1993x1809.png","AxiOc3Uh9QwjENb6d4cecA==":"easy%20setup%20of%20participating%20centers-240x383.png","TN0UNAwZoA//f9uaIerylg==":"fully%20integrated%20with%20artis%20ivf%20practice%20management%20platform-578x440.png","OVavPGqqCH4kJwdw6AgHNg==":"reduces%20processing%20time-375x396.png","EapqU7jJHYRCfhCgIGseyg==":"bmain-2000x1152.png","D/MJwuutwIhlmcioKCvGqA==":"04.jpg"}